<?xml version="1.0" encoding="UTF-8"?>
<beans:beans xmlns="http://www.springframework.org/schema/mvc"
             xmlns:xsi="http://www.w3.org/2001/XMLSchema-instance"
             xmlns:beans="http://www.springframework.org/schema/beans"
             xmlns:context="http://www.springframework.org/schema/context"
             xmlns:tx="http://www.springframework.org/schema/tx" xmlns:mvc="http://www.springframework.org/schema/cache"
             xsi:schemaLocation="http://www.springframework.org/schema/mvc http://www.springframework.org/schema/mvc/spring-mvc.xsd
		http://www.springframework.org/schema/beans http://www.springframework.org/schema/beans/spring-beans.xsd
		http://www.springframework.org/schema/context http://www.springframework.org/schema/context/spring-context.xsd
		http://www.springframework.org/schema/tx http://www.springframework.org/schema/tx/spring-tx-4.0.xsd http://www.springframework.org/schema/cache http://www.springframework.org/schema/cache/spring-cache.xsd">

    <!-- DispatcherServlet Context: defines this servlet's request-processing
        infrastructure -->
    <annotation-driven/>

    <context:component-scan base-package="com.sivitsky.ddr"/>
    <context:annotation-config/>
<!--
    <beans:bean id="conversionService"
          class="org.springframework.context.support.ConversionServiceFactoryBean">
        <beans:property name="converters">
            <beans:set>
                <beans:bean class="com.sivitsky.ddr.StringToRole"/>
            </beans:set>
        </beans:property>
    </beans:bean> -->

    <!-- Handles HTTP GET requests for /resources/** by efficiently serving
        up static resources in the ${webappRoot}/resources directory -->
    <resources mapping="/resources/**" location="/resources/"/>

    <!-- Resolves views selected for rendering by @Controllers to .jsp resources
        in the /WEB-INF/views directory -->

    <beans:bean
            class="org.springframework.web.servlet.view.InternalResourceViewResolver">
        <beans:property name="prefix" value="/WEB-INF/views/"/>
        <beans:property name="suffix" value=".jsp"/>
    </beans:bean>

    <beans:bean id="dataSource" class="org.apache.commons.dbcp.BasicDataSource"
                destroy-method="close">
        <beans:property name="driverClassName" value="com.mysql.jdbc.Driver"/>
        <beans:property name="url"
                        value="jdbc:mysql://localhost:3306/offersdb"/>
        <beans:property name="username" value="root"/>
        <beans:property name="password" value="1"/>
    </beans:bean>

    <!-- Hibernate 4 SessionFactory Bean definition -->
    <beans:bean id="hibernate4AnnotatedSessionFactory"
                class="org.springframework.orm.hibernate4.LocalSessionFactoryBean">
        <beans:property name="dataSource" ref="dataSource"/>
        <beans:property name="packagesToScan" value="com.sivitsky.ddr.model"/>
        <beans:property name="hibernateProperties">
            <beans:props>
                <beans:prop key="hibernate.dialect">org.hibernate.dialect.MySQLDialect
                </beans:prop>
                <beans:prop key="hibernate.show_sql">true</beans:prop>
            </beans:props>
        </beans:property>
    </beans:bean>

    <beans:bean id="userDAO" class="com.sivitsky.ddr.dao.UserDAOImpl">
        <beans:property name="sessionFactory" ref="hibernate4AnnotatedSessionFactory" />
    </beans:bean>

    <beans:bean id="userService" class="com.sivitsky.ddr.service.UserServiceImpl">
        <beans:property name="userDAO" ref="userDAO"/>
    </beans:bean>

    <beans:bean id="roleDAO" class="com.sivitsky.ddr.dao.RoleDAOImpl">
        <beans:property name="sessionFactory" ref="hibernate4AnnotatedSessionFactory"/>
    </beans:bean>

    <beans:bean id="roleService" class="com.sivitsky.ddr.service.RoleServiceImpl">
        <beans:property name="roleDAO" ref="roleDAO"/>
    </beans:bean>

    <beans:bean id="vendorDAO" class="com.sivitsky.ddr.dao.VendorDAOImpl">
        <beans:property name="sessionFactory" ref="hibernate4AnnotatedSessionFactory"/>
    </beans:bean>

    <beans:bean id="vendorService" class="com.sivitsky.ddr.service.VendorServiceImpl">
        <beans:property name="vendorDAO" ref="vendorDAO"/>
    </beans:bean>

    <tx:annotation-driven transaction-manager="transactionManager"/>

    <beans:bean id="transactionManager" class="org.springframework.orm.hibernate4.HibernateTransactionManager">
        <beans:property name="sessionFactory" ref="hibernate4AnnotatedSessionFactory"/>
    </beans:bean>

</beans:beans>
